{
  "binary": {
    "Cl-,Na+": {
      "ref": "Liu et al., 2024",
      "T_range": [
        -90,
        25
      ],
      "eq_num": 0,
      "b0": {
        "a0": 7.87239712,
        "a1": -0.0083864096,
        "a2": 1.44137774e-05,
        "a3": -8.7820301e-09,
        "a4": -496.920671,
        "a5": -0.82097256
      },
      "b1": {
        "a0": 866.915291,
        "a1": 0.606166931,
        "a2": -0.00048048921,
        "a3": 1.88503857e-07,
        "a4": -17046.0145,
        "a5": -167.171296
      },
      "b2": {
        "a0": 0,
        "a1": 0,
        "a2": 0,
        "a3": 0,
        "a4": 0,
        "a5": 0
      },
      "c_phi": {
        "a0": 1.70761824,
        "a1": 0.00232970177,
        "a2": -2.46665619e-06,
        "a3": 1.2154338e-09,
        "a4": -1.35583596,
        "a5": -0.387767714
      },
      "lambda": {
        "a0": 0,
        "a1": 0,
        "a2": 0,
        "a3": 0,
        "a4": 0,
        "a5": 0
      }
    },
    "Na+,SO4-2": {
      "ref": "Liu et al., 2024",
      "T_range": [
        -90,
        25
      ],
      "eq_num": 0,
      "b0": {
        "a0": -1.2709,
        "a1": 0.004425144,
        "a2": -3.5e-09,
        "a3": -9.28e-10,
        "a4": 14.25,
        "a5": -0.00584
      },
      "b1": {
        "a0": -1.3915,
        "a1": 0.0107532,
        "a2": -1.83e-07,
        "a3": -4.498e-09,
        "a4": 93.28,
        "a5": -0.167885
      },
      "c_phi": {
        "a0": 0.21225,
        "a1": -0.00072306,
        "a2": 0,
        "a3": -1.14e-10,
        "a4": 4.35,
        "a5": -0.001855
      }
    },
    "Cl-,K+": {
      "ref": "Liu et al., 2024",
      "T_range": [
        -90,
        25
      ],
      "eq_num": 0,
      "b0": {
        "a0": 26.5718766,
        "a1": 0.00992715099,
        "a2": -3.6232333e-06,
        "a3": -6.2842718e-11,
        "a4": -755.70722,
        "a5": -4.6730077
      },
      "b1": {
        "a0": 1697.42977,
        "a1": 1.22270943,
        "a2": -0.00099904449,
        "a3": 4.04786721e-07,
        "a4": -32868.44221,
        "a5": -328.8138481
      },
      "c_phi": {
        "a0": -3.2757168,
        "a1": -0.00127222054,
        "a2": 4.71374283e-07,
        "a3": 1.1162507e-11,
        "a4": 90.7747666,
        "a5": 0.580513562
      }
    },
    "K+,SO4-2": {
      "ref": "Liu et al., 2024",
      "T_range": [
        -90,
        25
      ],
      "eq_num": 0,
      "b0": {
        "a0": -0.7568,
        "a1": 0.002529,
        "a2": 3.65e-08,
        "a3": 5.31e-10,
        "a4": -1.08,
        "a5": -0.00125
      },
      "b1": {
        "a0": 1.953,
        "a1": -0.003996,
        "a2": 3.55e-07,
        "a3": 1.669e-08,
        "a4": 26.7,
        "a5": -0.04785
      },
      "c_phi": {
        "a0": 0.0007,
        "a1": 4.8e-05,
        "a2": 9e-09,
        "a3": 3.26e-10,
        "a4": -7.68,
        "a5": 0.002835
      }
    },
    "Ca+2,Cl-": {
      "ref": "Liu et al., 2024",
      "T_range": [
        -90,
        25
      ],
      "eq_num": 0,
      "b0": {
        "a0": -56.2764702,
        "a1": -0.0300771997,
        "a2": 1.056304e-05,
        "a3": 3.3331626e-09,
        "a4": 1117.30349,
        "a5": 10.6664743
      },
      "b1": {
        "a0": 3.4787,
        "a1": -0.015417,
        "a2": 3.1791e-05,
        "a3": 0,
        "a4": 0,
        "a5": 0
      },
      "c_phi": {
        "a0": 26.4231655,
        "a1": 0.0246922993,
        "a2": -2.4829851e-05,
        "a3": 1.22421864e-08,
        "a4": -418.098427,
        "a5": -5.35350322
      }
    },
    "Ca+2,SO4-2": {
      "ref": "Liu et al., 2024",
      "T_range": [
        -90,
        25
      ],
      "eq_num": 0,
      "b0": {
        "a0": 0.0795,
        "a1": -0.000122,
        "a2": 5.001e-06,
        "a3": 6.704e-09,
        "a4": -152.28,
        "a5": -0.006885
      },
      "b1": {
        "a0": 2.8945,
        "a1": 0.007434,
        "a2": 5.287e-06,
        "a3": -1.01513e-07,
        "a4": -2085.05,
        "a5": 1.345
      },
      "b2": {
        "a0": -57.04,
        "a1": -0.01028,
        "a2": -0.0002235,
        "a3": 3.526e-07,
        "a4": 5788.0,
        "a5": -1.8378
      },
      "c_phi": {
        "a0": 0.033,
        "a1": -0.0001529,
        "a2": 8.97e-07,
        "a3": 1.569e-09,
        "a4": 1.1,
        "a5": -0.012755
      }
    },
    "Cl-,Mg+2": {
      "ref": "Liu et al., 2024",
      "T_range": [
        -90,
        25
      ],
      "eq_num": 0,
      "b0": {
        "a0": 313.852913,
        "a1": 0.261769099,
        "a2": -0.00024626846,
        "a3": 1.15764787e-07,
        "a4": -5531.33381,
        "a5": -62.1616862
      },
      "b1": {
        "a0": -31843.2525,
        "a1": -28.6710358,
        "a2": 0.0278892838,
        "a3": -1.3279705e-05,
        "a4": 524032.958,
        "a5": 6407.70396
      },
      "c_phi": {
        "a0": 0.059532,
        "a1": -0.000249949,
        "a2": 2.41831e-07,
        "a3": 0,
        "a4": 0,
        "a5": 0
      }
    },
    "Mg+2,SO4-2": {
      "ref": "Liu et al., 2024",
      "T_range": [
        -90,
        25
      ],
      "eq_num": 0,
      "b0": {
        "a0": 1.678,
        "a1": -0.005514,
        "a2": 5.97e-07,
        "a3": 1.5651e-08,
        "a4": -223.92,
        "a5": 0.06594
      },
      "b1": {
        "a0": 1.484,
        "a1": 0.006274,
        "a2": 5.41e-06,
        "a3": 8.84e-08,
        "a4": -1321.0,
        "a5": 0.30605
      },
      "b2": {
        "a0": 188.29,
        "a1": -1.03999,
        "a2": 0.0012242,
        "a3": 3.4974e-06,
        "a4": 89750.0,
        "a5": -67.9235
      },
      "c_phi": {
        "a0": 0.223,
        "a1": -0.0006101,
        "a2": -1e-09,
        "a3": -1.096e-09,
        "a4": 42.65,
        "a5": -0.01792
      }
    },
    "K+,Na+": {
      "ref": "Liu et al., 2024",
      "T_range": [
        -90,
        25
      ],
      "eq_num": 0,
      "theta": {
        "a0": -18.2266741,
        "a1": -0.0036903847,
        "a2": 0,
        "a3": 0,
        "a4": 612.415011,
        "a5": 3.02994981
      }
    },
    "Ca+2,Na+": {
      "ref": "Liu et al., 2024",
      "T_range": [
        -90,
        25
      ],
      "eq_num": 0,
      "theta": {
        "a0": 0.03,
        "a1": -1.9e-05,
        "a2": 0,
        "a3": 9.5e-10,
        "a4": -2.5,
        "a5": 0.0013
      }
    },
    "Mg+2,Na+": {
      "ref": "Liu et al., 2024",
      "T_range": [
        -90,
        25
      ],
      "eq_num": 0,
      "theta": {
        "a0": 0.07,
        "a1": 0,
        "a2": 0,
        "a3": 0,
        "a4": 0,
        "a5": 0
      }
    },
    "Li+,Na+": {
      "ref": "Liu et al., 2024",
      "T_range": [
        -90,
        25
      ],
      "eq_num": 0,
      "theta": {
        "a0": 0.012,
        "a1": 0,
        "a2": 0,
        "a3": 0,
        "a4": 0,
        "a5": 0
      }
    },
    "Ca+2,K+": {
      "ref": "Liu et al., 2024",
      "T_range": [
        -90,
        25
      ],
      "eq_num": 0,
      "theta": {
        "a0": 2.36571,
        "a1": -0.00454,
        "a2": 0,
        "a3": 0,
        "a4": -284.94,
        "a5": 0
      }
    },
    "K+,Mg+2": {
      "ref": "Liu et al., 2024",
      "T_range": [
        -90,
        25
      ],
      "eq_num": 0,
      "theta": {
        "a0": 0.1167,
        "a1": 0,
        "a2": 0,
        "a3": 0,
        "a4": 0,
        "a5": 0
      }
    },
    "Ca+2,Mg+2": {
      "ref": "Liu et al., 2024",
      "T_range": [
        -90,
        25
      ],
      "eq_num": 0,
      "theta": {
        "a0": 5.31274136,
        "a1": -0.0063424248,
        "a2": 0,
        "a3": 0,
        "a4": -983.113847,
        "a5": 0
      }
    },
    "Cl-,SO4-2": {
      "ref": "Liu et al., 2024",
      "T_range": [
        -90,
        25
      ],
      "eq_num": 0,
      "theta": {
        "a0": 0.07,
        "a1": 0,
        "a2": 0,
        "a3": -7.8e-10,
        "a4": -1.0,
        "a5": 0
      }
    },