{
  "CaSO4(aq)": {
    "reaction": "CaSO4(aq) = Ca+2(aq) + SO4-2(aq)",
    "analytic": {
      "a0": -14.7477745,
      "a1": 0,
      "a2": 0,
      "a3": 0,
      "a4": 3264.0946,
      "a5": 0
    },
    "eq_num": 0, 
    "ref": "Liu et al., 2024",
    "T_range": [
      -90,
      25
    ]
  },
  "MgSO4(aq)": {
    "reaction": "MgSO4(aq) = Mg+2(aq) + SO4-2(aq)",
    "analytic": {
      "a0": 365.283115,
      "a1": -0.71578257,
      "a2": 0,
      "a3": 0,
      "a4": -44875.3391,
      "a5": 0
    },
    "eq_num": 0, 
    "ref": "Liu et al., 2024",
    "T_range": [
      -90,
      25
    ]
  },
  "H2O(l)": {
    "reaction": "H2(g) + 0.5O2(g) = H2O(l)", 
    "analytic": {
      "a0": -148.1678,
      "a1": 0.8933802,
      "a2": -0.002332199,
      "a3": 2.14686e-06,
      "a4": 0,
      "a5": 0
    },
    "eq_num": 0, 
    "ref": "Liu et al., 2024",
    "T_range": [
      -90,
      25
    ]
  },
  "H2O(s)": {
    "reaction": "H2O(s) = H2O(l)", 
    "analytic": {
      "a0": 7875.060393,
      "a1": 11.6911849,
      "a2": -0.017183789,
      "a3": 1.24395543e-05,
      "a4": -93314.79,
      "a5": -1728.7461
    },
    "eq_num": 0, 
    "ref": "Liu et al., 2024",
    "T_range": [
      -90,
      25
    ]
  },
  "NaCl(s)": {
    "reaction": "NaCl(s) = Na+(aq) + Cl-(aq)",
    "analytic": {
      "a0": 9148.39001,
      "a1": 8.22348745,
      "a2": -0.0081288759,
      "a3": 3.95552403e-06,
      "a4": -154040.868,
      "a5": -1836.24247
    },
    "eq_num": 0, 
    "ref": "Liu et al., 2024",
    "T_range": [
      -90,
      25
    ]
  },
  "NaCl·2H2O(s)": {
    "reaction": "NaCl·2H2O(s) = Na+(aq) + Cl-(aq) + 2H2O(l)",
    "analytic": {
      "a0": -12222.551,
      "a1": -9.8806459,
      "a2": 0.00846685083,
      "a3": -3.4459117e-06,
      "a4": 209823.965,
      "a5": 2423.28528
    },
    "eq_num": 0, 
    "ref": "Liu et al., 2024",
    "T_range": [
      -90,
      25
    ]
  },
  "KCl(s)": {
    "reaction": "KCl(s) = K+(aq) + Cl-(aq)",
    "analytic": {
      "a0": -1629.17341,
      "a1": -1.5194039,
      "a2": 0.00145249679,
      "a3": -6.9427505e-07,
      "a4": 22601.2743,
      "a5": 333.075506
    },
    "eq_num": 0, 
    "ref": "Liu et al., 2024",
    "T_range": [
      -90,
      25
    ]
  },
  "CaCl2·6H2O(s)": {
    "reaction":"CaCl2·6H2O(s) = Ca+2(aq) + 2Cl-(aq) + 6H2O(l)",
    "analytic": {
      "a0": 142290.062,
      "a1": 161.973105,
      "a2": -0.195332071,
      "a3": 0.000117636119,
      "a4": -2040598.47,
      "a5": -29746.481
    },
    "eq_num": 0, 
    "ref": "Liu et al., 2024",
    "T_range": [
      -90,
      25
    ]
  },
  "MgCl2·6H2O(s)": {
    "reaction":"MgCl2-6H2O(s) = Mg+2(aq) + 2Cl-(aq) + 6H2O(l)",
    "analytic": {
      "a0": 752.225099,
      "a1": 0.117584653,
      "a2": 0,
      "a3": 0,
      "a4": -24322.3909,
      "a5": -121.990076
    },
    "eq_num": 0, 
    "ref": "Liu et al., 2024",
    "T_range": [
      -90,
      25
    ]
  },
  "MgCl2·8H2O(s)": {
    "reaction": "MgCl2·8H2O(s) = Mg+2(aq) + 2Cl-(aq) + 8H2O(l)",
    "analytic": {
      "a0": 2278.01976,
      "a1": 0.649361616,
      "a2": 0,
      "a3": 0,
      "a4": -62307.5123,
      "a5": -395.438891
    },
    "eq_num": 0, 
    "ref": "Liu et al., 2024",
    "T_range": [
      -90,
      25
    ]
  },
  "MgCl2·12H2O(s)": {
    "reaction":"MgCl2·12H2O = Mg+2(aq) + 2Cl-(aq) + 12H2O(l)",
    "analytic": {
      "a0": 255008.896,
      "a1": 244.53224,
      "a2": -0.248807876,
      "a3": 0.000122425236,
      "a4": -4029883.42,
      "a5": -51866.8604
    },
    "eq_num": 0, 
    "ref": "Liu et al., 2024",
    "T_range": [
      -90,
      25
    ]
  },
  "KCl·MgCl2·6H2O(s)": {
    "reaction": "KCl·MgCl2·6H2O(s) = K+(aq) + Mg+2(aq) + 3Cl-(aq) + 6H2O(l)",
    "analytic": {
      "a0": -44.5702171,
      "a1": 0.23202379,
      "a2": -0.000714935692,
      "a3": 5.32658215e-07,
      "a4": -4248.17923,
      "a5": 8.59110245
    },
    "eq_num": 0, 
    "ref": "Liu et al., 2024",
    "T_range": [
      -90,
      25
    ]
  },
  "2KCl·FeCl2·2H2O(s)": {
    "reaction": "2KCl·FeCl2·2H2O(s) = Fe+2(aq) + 2K+(aq) + 4Cl-(aq) + 2H2O(l)",
    "analytic": {
      "a0": 12.97,
      "a1": 0,
      "a2": 0,
      "a3": 0,
      "a4": 0,
      "a5": 0
    },
    "eq_num": 0, 
    "ref": "Liu et al., 2024",
    "T_range": [
      -90,
      25
    ]
  },
  "CaCl2·2MgCl2·12H2O(s)": {
    "reaction": "CaCl2·2MgCl2·12H2O(s) = Ca+2(aq) + 2Mg+2(aq) + 2K+(aq) + 6Cl-(aq) + 12H2O(l)",
    "analytic": {
      "a0": 80.3777918,
      "a1": -0.1388069,
      "a2": 0,
      "a3": 0,
      "a4": 0,
      "a5": 0
    },
    "eq_num": 0, 
    "ref": "Liu et al., 2024",
    "T_range": [
      -90,
      25
    ]
  },
  "Na2SO4·10H2O(s)": {
    "reaction": "Na2SO4·10H2O(s) = 2Na+(aq) + SO4-2(aq) + 10H2O(l)",
    "analytic": {
      "a0": -46.33773,
      "a1": 0.1753075,
      "a2": -9.822103e-05,
      "a3": 0,
      "a4": 0,
      "a5": 0
    },
    "eq_num": 0, 
    "ref": "Liu et al., 2024",
    "T_range": [
      -90,
      25
    ]
  },
  "Na2SO4(s)": {
    "reaction": "Na2SO4(s) = 2Na+(aq) + SO4-2(aq)",
    "analytic": {
      "a0": -3963.5632,
      "a1": -5.811449,
      "a2": 0.00759799462,
      "a3": -4.6571737e-06,
      "a4": 39345.4893,
      "a5": 879.598423
    },
    "eq_num": 0, 
    "ref": "Liu et al., 2024",
    "T_range": [
      -90,
      25
    ]
  },
  "MgSO4·6H2O(s)": {
    "reaction": "MgSO4·6H2O(s) = Mg+2(aq) + SO4-2(aq) + 6H2O(l)",
    "analytic": {
      "a0": -5.7876,
      "a1": 0.0068509,
      "a2": 0,
      "a3": 0,
      "a4": 0,
      "a5": 0
    },
    "eq_num": 0, 
    "ref": "Liu et al., 2024",
    "T_range": [
      -90,
      25
    ]
  },
  "MgSO4·7H2O(s)": {
    "reaction":"MgSO4·7H2O(s) = Mg+2(aq) + SO4-2(aq) + 7H2O(l)",
    "analytic": {
      "a0": 3.956,
      "a1": 0,
      "a2": 0,
      "a3": 0,
      "a4": -2471.0,
      "a5": 0
    },
    "eq_num": 0, 
    "ref": "Liu et al., 2024",
    "T_range": [
      -90,
      25
    ]
  },
  "MgSO4·12H2O(s)": {
    "reaction":"MgSO4-12H2O(s) = Mg+2(aq) + SO4-2(aq) + 12H2O(l)",
    "analytic": {
      "a0": -29.5818,
      "a1": 0.08851618,
      "a2": 0,
      "a3": 0,
      "a4": 0,
      "a5": 0
    },
    "eq_num": 0, 
    "ref": "Liu et al., 2024",
    "T_range": [
      -90,
      25
    ]
  },
  "CaSO4(s)": {
    "reaction":"CaSO4(s) = Ca+2(aq) + SO4-2(aq)",
    "analytic": {
      "a0": -78.22042,
      "a1": 0.6908174,
      "a2": -0.002246589,
      "a3": 2.344988e-06,
      "a4": 0,
      "a5": 0
    },
    "eq_num": 0, 
    "ref": "Liu et al., 2024",
    "T_range": [
      -90,
      25
    ]
  },
  "CaSO4·2H2O(s)": {
    "reaction":"CaSO4(s) = Ca+2(s) + SO4-2(s) + 2H2O(l)",
    "analytic": {
      "a0": -91.07165,
      "a1": 0.7584271,
      "a2": -0.002370863,
      "a3": 2.456876e-06,
      "a4": 0,
      "a5": 0
    },
    "eq_num": 0, 
    "ref": "Liu et al., 2024",
    "T_range": [
      -90,
      25
    ]
  },
  "(K,Na)3Na(SO4)2(s)": {
    "reaction":"",
    "analytic": {
      "a0": -62.07986,
      "a1": 0.1527005,
      "a2": 0,
      "a3": 0,
      "a4": 0,
      "a5": 0
    },
    "eq_num": 0, 
    "ref": "Liu et al., 2024",
    "T_range": [
      -90,
      25
    ]
  },
  "Na2Mg(SO4)2·4H2O(s)": {
    "reaction":"Na2Mg(SO4)2·4H2O(s) = 2Na+(aq) + Mg+2(aq) + 2SO4-2(aq) + 4H2O(l)",
    "analytic": {
      "a0": -7.9121,
      "a1": 0.008220223,
      "a2": 0,
      "a3": 0,
      "a4": 0,
      "a5": 0
    },
    "eq_num": 0, 
    "ref": "Liu et al., 2024",
    "T_range": [
      -90,
      25
    ]
  },
  "K2SO4(s)": {
    "reaction": "K2SO4(s) = 2K+(aq) + SO4-2(aq)",
    "analytic": {
      "a0": 6.5,
      "a1": 0,
      "a2": 0,
      "a3": 0,
      "a4": -3157.3,
      "a5": 0
    },
    "eq_num": 0, 
    "ref": "Liu et al., 2024",
    "T_range": [
      -90,
      25
    ]
  },
  "K2Mg(SO4)2·6H2O(s)": {
    "reaction": "K2Mg(SO4)2·6H2O = 2K+(aq) + Mg+2(aq) + 2SO4-2(aq) + 6H2O(l)",
    "analytic": {
      "a0": -86.61262,