{
  "(K,Na)3Na(SO4)2": {
    "T_range": [
      -90,
      25
    ],
    "a1": -62.07986,
    "a2": 0.1527005,
    "a3": 0,
    "a4": 0,
    "a5": 0,
    "a6": 0,
    "ref": "Liu et al., 2024",
    "state": "s"
  },
  "2KCl-FeCl2-2H2O": {
    "T_range": [
      -90,
      25
    ],
    "a1": 12.97,
    "a2": 0,
    "a3": 0,
    "a4": 0,
    "a5": 0,
    "a6": 0,
    "ref": "Liu et al., 2024",
    "state": "s"
  },
  "CaCl2-2MgCl2-12H2O": {
    "T_range": [
      -90,
      25
    ],
    "a1": 80.3777918,
    "a2": -0.1388069,
    "a3": 0,
    "a4": 0,
    "a5": 0,
    "a6": 0,
    "ref": "Liu et al., 2024",
    "state": "s"
  },
  "CaCl2-6H2O": {
    "T_range": [
      -90,
      25
    ],
    "a1": 142290.062,
    "a2": 161.973105,
    "a3": -0.195332071,
    "a4": 0.000117636119,
    "a5": -2040598.47,
    "a6": -29746.481,
    "ref": "Liu et al., 2024",
    "state": "s"
  },
  "CaSO4": {
    "T_range": [
      -90,
      25
    ],
    "a1": -78.22042,
    "a2": 0.6908174,
    "a3": -0.002246589,
    "a4": 2.344988e-06,
    "a5": 0,
    "a6": 0,
    "ref": "Liu et al., 2024",
    "state": "s"
  },
  "CaSO4(AQ)": {
    "T_range": [
      -90,
      25
    ],
    "a1": -14.7477745,
    "a2": 0,
    "a3": 0,
    "a4": 0,
    "a5": 3264.0946,
    "a6": 0,
    "ref": "Liu et al., 2024",
    "state": "aq"
  },
  "CaSO4·2H2O": {
    "T_range": [
      -90,
      25
    ],
    "a1": -91.07165,
    "a2": 0.7584271,
    "a3": -0.002370863,
    "a4": 2.456876e-06,
    "a5": 0,
    "a6": 0,
    "ref": "Liu et al., 2024",
    "state": "s"
  },
  "H2O(S)": {
    "T_range": [
      -90,
      25
    ],
    "a1": 7875.060393,
    "a2": 11.6911849,
    "a3": -0.017183789,
    "a4": 1.24395543e-05,
    "a5": -93314.79,
    "a6": -1728.7461,
    "ref": "Liu et al., 2024",
    "state": "s"
  },
  "H2O(l)": {
    "T_range": [
      -90,
      25
    ],
    "a1": -148.1678,
    "a2": 0.8933802,
    "a3": -0.002332199,
    "a4": 2.14686e-06,
    "a5": 0,
    "a6": 0,
    "ref": "Liu et al., 2024",
    "state": "s"
  },
  "K2Mg(SO4)2-6H2O": {
    "T_range": [
      -90,
      25
    ],
    "a1": -86.61262,
    "a2": 0.470966,
    "a3": -0.0007186864,
    "a4": 0,
    "a5": 0,
    "a6": 0,
    "ref": "Liu et al., 2024",
    "state": "s"
  },
  "K2SO4": {
    "T_range": [
      -90,
      25
    ],
    "a1": 6.5,
    "a2": 0,
    "a3": 0,
    "a4": 0,
    "a5": -3157.3,
    "a6": 0,
    "ref": "Liu et al., 2024",
    "state": "s"
  },
  "KCl": {
    "T_range": [
      -90,
      25
    ],
    "a1": -1629.17341,
    "a2": -1.5194039,
    "a3": 0.00145249679,
    "a4": -6.9427505e-07,
    "a5": 22601.2743,
    "a6": 333.075506,
    "ref": "Liu et al., 2024",
    "state": "s"
  },
  "KCl-MgCl2-6H2O": {
    "T_range": [
      -90,
      25
    ],
    "a1": -44.5702171,
    "a2": 0.23202379,
    "a3": -0.000714935692,
    "a4": 5.32658215e-07,
    "a5": -4248.17923,
    "a6": 8.59110245,
    "ref": "Liu et al., 2024",
    "state": "s"
  },
  "LiCl": {
    "T_range": [
      -90,
      25
    ],
    "a1": 252.0552,
    "a2": 0,
    "a3": 0,
    "a4": 0,
    "a5": -7442.9,
    "a6": -37.39279,
    "ref": "Liu et al., 2024",
    "state": "s"
  },
  "LiCl-2H2O": {
    "T_range": [
      -90,
      25
    ],
    "a1": 8.482008,
    "a2": 0,
    "a3": 0,
    "a4": 0,
    "a5": -436.1729,
    "a6": 0,
    "ref": "Liu et al., 2024",
    "state": "s"
  },
  "LiCl-3H2O": {
    "T_range": [
      -90,
      25
    ],
    "a1": 11.58593,
    "a2": 0,
    "a3": 0,
    "a4": 0,
    "a5": -720.9875,
    "a6": 0,
    "ref": "Liu et al., 2024",
    "state": "s"
  },
  "LiCl-5H2O": {
    "T_range": [
      -90,
      25
    ],
    "a1": 13.9346,
    "a2": 0,
    "a3": 0,
    "a4": 0,
    "a5": -1684.852,
    "a6": 0,
    "ref": "Liu et al., 2024",
    "state": "s"
  },
  "LiCl-H2O": {
    "T_range": [
      -90,
      25
    ],
    "a1": 410.8374,
    "a2": 0,
    "a3": 0,
    "a4": 0,
    "a5": -16068.61,
    "a6": -60.5503,
    "ref": "Liu et al., 2024",
    "state": "s"
  },
  "MgCl2-12H2O": {
    "T_range": [
      -90,
      25
    ],
    "a1": 255008.896,
    "a2": 244.53224,
    "a3": -0.248807876,
    "a4": 0.000122425236,
    "a5": -4029883.42,
    "a6": -51866.8604,
    "ref": "Liu et al., 2024",
    "state": "s"
  },
  "MgCl2-6H2O": {
    "T_range": [
      -90,
      25
    ],
    "a1": 752.225099,
    "a2": 0.117584653,
    "a3": 0,
    "a4": 0,
    "a5": -24322.3909,
    "a6": -121.990076,
    "ref": "Liu et al., 2024",
    "state": "s"
  },
  "MgCl2-8H2O": {
    "T_range": [
      -90,
      25
    ],
    "a1": 2278.01976,
    "a2": 0.649361616,
    "a3": 0,
    "a4": 0,
    "a5": -62307.5123,
    "a6": -395.438891,
    "ref": "Liu et al., 2024",
    "state": "s"
  },
  "MgSO4(AQ)": {
    "T_range": [
      -90,
      25
    ],
    "a1": 365.283115,
    "a2": -0.71578257,
    "a3": 0,
    "a4": 0,
    "a5": -44875.3391,
    "a6": 0,
    "ref": "Liu et al., 2024",
    "state": "aq"
  },
  "MgSO4-12H2O": {
    "T_range": [
      -90,
      25
    ],
    "a1": -29.5818,
    "a2": 0.08851618,
    "a3": 0,
    "a4": 0,
    "a5": 0,
    "a6": 0,
    "ref": "Liu et al., 2024",
    "state": "s"
  },
  "MgSO4-6H2O": {
    "T_range": [
      -90,
      25
    ],
    "a1": -5.7876,
    "a2": 0.0068509,
    "a3": 0,
    "a4": 0,
    "a5": 0,
    "a6": 0,
    "ref": "Liu et al., 2024",
    "state": "s"
  },
  "MgSO4-7H2O": {
    "T_range": [
      -90,
      25
    ],
    "a1": 3.956,
    "a2": 0,
    "a3": 0,
    "a4": 0,
    "a5": -2471.0,
    "a6": 0,
    "ref": "Liu et al., 2024",
    "state": "s"
  },
  "Na2Mg(SO4)2-4H2O": {
    "T_range": [
      -90,
      25
    ],
    "a1": -7.9121,
    "a2": 0.008220223,
    "a3": 0,
    "a4": 0,
    "a5": 0,
    "a6": 0,
    "ref": "Liu et al., 2024",
    "state": "s"
  },
  "Na2SO4": {
    "T_range": [
      -90,
      25
    ],
    "a1": -3963.5632,
    "a2": -5.811449,
    "a3": 0.00759799462,
    "a4": -4.6571737e-06,
    "a5": 39345.4893,
    "a6": 879.598423,
    "ref": "Liu et al., 2024",
    "state": "s"
  },
  "Na2SO4-10H2O": {
    "T_range": [
      -90,
      25
    ],
    "a1": -46.33773,
    "a2": 0.1753075,
    "a3": -9.822103e-05,
    "a4": 0,
    "a5": 0,
    "a6": 0,
    "ref": "Liu et al., 2024",
    "state": "s"
  },
  "NaCl": {
    "T_range": [
      -90,
      25
    ],
    "a1": 9148.39001,
    "a2": 8.22348745,
    "a3": -0.0081288759,
    "a4": 3.95552403e-06,
    "a5": -154040.868,
    "a6": -1836.24247,
    "ref": "Liu et al., 2024",
    "state": "s"
  },
  "NaCl-2H2O": {
    "T_range": [
      -90,
      25
    ],
    "a1": -12222.551,
    "a2": -9.8806459,
    "a3": 0.00846685083,
    "a4": -3.4459117e-06,
    "a5": 209823.965,
    "a6": 2423.28528,
    "ref": "Liu et al., 2024",
    "state": "s"
  }
}