{
  "binary": {
    "Ba+2,Cl-": {
      "T_range": [
        -90,
        25
      ],
      "b0": {
        "a1": 0.2628,
        "a2": 0,
        "a3": 0,
        "a4": 0,
        "a5": 0,
        "a6": 0
      },
      "b1": {
        "a1": 1.49625,
        "a2": 0,
        "a3": 0,
        "a4": 0,
        "a5": 0,
        "a6": 0
      },
      "c_phi": {
        "a1": -0.00968913066,
        "a2": 0,
        "a3": 0,
        "a4": 0,
        "a5": 0,
        "a6": 0
      },
      "ref": "Liu et al., 2024"
    },
    "Ca+2,Cl-": {
      "T_range": [
        -90,
        25
      ],
      "b0": {
        "a1": -56.2764702,
        "a2": -0.0300771997,
        "a3": 1.056304e-05,
        "a4": 3.3331626e-09,
        "a5": 1117.30349,
        "a6": 10.6664743
      },
      "b1": {
        "a1": 3.4787,
        "a2": -0.015417,
        "a3": 3.1791e-05,
        "a4": 0,
        "a5": 0,
        "a6": 0
      },
      "c_phi": {
        "a1": 26.4231655,
        "a2": 0.0246922993,
        "a3": -2.4829851e-05,
        "a4": 1.22421864e-08,
        "a5": -418.098427,
        "a6": -5.35350322
      },
      "ref": "Liu et al., 2024"
    },
    "Ca+2,SO4-2": {
      "T_range": [
        -90,
        25
      ],
      "b0": {
        "a1": 0.0795,
        "a2": -0.000122,
        "a3": 5.001e-06,
        "a4": 6.704e-09,
        "a5": -152.28,
        "a6": -0.006885
      },
      "b1": {
        "a1": 2.8945,
        "a2": 0.007434,
        "a3": 5.287e-06,
        "a4": -1.01513e-07,
        "a5": -2085.05,
        "a6": 1.345
      },
      "b2": {
        "a1": -57.04,
        "a2": -0.01028,
        "a3": -0.0002235,
        "a4": 3.526e-07,
        "a5": 5788.0,
        "a6": -1.8378
      },
      "c_phi": {
        "a1": 0.033,
        "a2": -0.0001529,
        "a3": 8.97e-07,
        "a4": 1.569e-09,
        "a5": 1.1,
        "a6": -0.012755
      },
      "ref": "Liu et al., 2024"
    },
    "Cs+,Cl-": {
      "T_range": [
        -90,
        25
      ],
      "b0": {
        "a1": 0.03352,
        "a2": -1290.0,
        "a3": -8.4279,
        "a4": 0.018502,
        "a5": -6.7942e-06,
        "a6": 0
      },
      "b1": {
        "a1": 0.0429,
        "a2": -38,
        "a3": 0,
        "a4": 0.001306,
        "a5": 0,
        "a6": 0
      },
      "c_phi": {
        "a1": -0.000262,
        "a2": 157.13,
        "a3": 1.086,
        "a4": -0.0025242,
        "a5": 9.84e-07,
        "a6": 0
      },
      "ref": "Liu et al., 2024"
    },
    "K+,Cl-": {
      "T_range": [
        -90,
        25
      ],
      "b0": {
        "a1": 26.5718766,
        "a2": 0.00992715099,
        "a3": -3.6232333e-06,
        "a4": -6.2842718e-11,
        "a5": -755.70722,
        "a6": -4.6730077
      },
      "b1": {
        "a1": 1697.42977,
        "a2": 1.22270943,
        "a3": -0.00099904449,
        "a4": 4.04786721e-07,
        "a5": -32868.44221,
        "a6": -328.8138481
      },
      "c_phi": {
        "a1": -3.2757168,
        "a2": -0.00127222054,
        "a3": 4.71374283e-07,
        "a4": 1.1162507e-11,
        "a5": 90.7747666,
        "a6": 0.580513562
      },
      "ref": "Liu et al., 2024"
    },
    "K+,SO4-2": {
      "T_range": [
        -90,
        25
      ],
      "b0": {
        "a1": -0.7568,
        "a2": 0.002529,
        "a3": 3.65e-08,
        "a4": 5.31e-10,
        "a5": -1.08,
        "a6": -0.00125
      },
      "b1": {
        "a1": 1.953,
        "a2": -0.003996,
        "a3": 3.55e-07,
        "a4": 1.669e-08,
        "a5": 26.7,
        "a6": -0.04785
      },
      "c_phi": {
        "a1": 0.0007,
        "a2": 4.8e-05,
        "a3": 9e-09,
        "a4": 3.26e-10,
        "a5": -7.68,
        "a6": 0.002835
      },
      "ref": "Liu et al., 2024"
    },
    "Li+,Cl-": {
      "T_range": [
        -90,
        25
      ],
      "b0": {
        "a1": 0.14847,
        "a2": 0,
        "a3": 0,
        "a4": -0.0001546,
        "a5": 0,
        "a6": 0
      },
      "b1": {
        "a1": 0.307,
        "a2": 0,
        "a3": 0,
        "a4": 0.000636,
        "a5": 0,
        "a6": 0
      },
      "c_phi": {
        "a1": 0.00371,
        "a2": 4.115,
        "a3": 0,
        "a4": 0,
        "a5": -3.71e-09,
        "a6": 0
      },
      "ref": "Liu et al., 2024"
    },
    "Mg+2,Cl-": {
      "T_range": [
        -90,
        25
      ],
      "b0": {
        "a1": 313.852913,
        "a2": 0.261769099,
        "a3": -0.00024626846,
        "a4": 1.15764787e-07,
        "a5": -5531.33381,
        "a6": -62.1616862
      },
      "b1": {
        "a1": -31843.2525,
        "a2": -28.6710358,
        "a3": 0.0278892838,
        "a4": -1.3279705e-05,
        "a5": 524032.958,
        "a6": 6407.70396
      },
      "c_phi": {
        "a1": 0.059532,
        "a2": -0.000249949,
        "a3": 2.41831e-07,
        "a4": 0,
        "a5": 0,
        "a6": 0
      },
      "ref": "Liu et al., 2024"
    },
    "Mg+2,SO4-2": {
      "T_range": [
        -90,
        25
      ],
      "b0": {
        "a1": 1.678,
        "a2": -0.005514,
        "a3": 5.97e-07,
        "a4": 1.5651e-08,
        "a5": -223.92,
        "a6": 0.06594
      },
      "b1": {
        "a1": 1.484,
        "a2": 0.006274,
        "a3": 5.41e-06,
        "a4": 8.84e-08,
        "a5": -1321.0,
        "a6": 0.30605
      },
      "b2": {
        "a1": 188.29,
        "a2": -1.03999,
        "a3": 0.0012242,
        "a4": 3.4974e-06,
        "a5": 89750.0,
        "a6": -67.9235
      },
      "c_phi": {
        "a1": 0.223,
        "a2": -0.0006101,
        "a3": -1e-09,
        "a4": -1.096e-09,
        "a5": 42.65,
        "a6": -0.01792
      },
      "ref": "Liu et al., 2024"
    },
    "Mn+2,Cl-": {
      "T_range": [
        -90,
        25
      ],
      "b0": {
        "a1": 0.3322275,
        "a2": 0,
        "a3": 0,
        "a4": 0,
        "a5": 0,
        "a6": 0
      },
      "b1": {
        "a1": 1.514625,
        "a2": 0,
        "a3": 0,
        "a4": 0,
        "a5": 0,
        "a6": 0
      },
      "c_phi": {
        "a1": -0.011343760537185188,
        "a2": 0,
        "a3": 0,
        "a4": 0,
        "a5": 0,
        "a6": 0
      },
      "ref": "Liu et al., 2024"
    },
    "Na+,Cl-": {
      "T_range": [
        -90,
        25
      ],
      "b0": {
        "a1": 7.87239712,
        "a2": -0.0083864096,
        "a3": 1.44137774e-05,
        "a4": -8.7820301e-09,
        "a5": -496.920671,
        "a6": -0.82097256
      },
      "b1": {
        "a1": 866.915291,
        "a2": 0.606166931,
        "a3": -0.00048048921,
        "a4": 1.88503857e-07,
        "a5": -17046.0145,
        "a6": -167.171296
      },
      "b2": {
        "a1": 0,
        "a2": 0,
        "a3": 0,
        "a4": 0,
        "a5": 0,
        "a6": 0
      },
      "c_phi": {
        "a1": 1.70761824,
        "a2": 0.00232970177,
        "a3": -2.46665619e-06,
        "a4": 1.2154338e-09,
        "a5": -1.35583596,
        "a6": -0.387767714
      },
      "ref": "Liu et al., 2024"
    },
    "Na+,SO4-2": {
      "T_range": [
        -90,
        25
      ],
      "b0": {
        "a1": -1.2709,
        "a2": 0.004425144,
        "a3": -3.5e-09,
        "a4": -9.28e-10,
        "a5": 14.25,
        "a6": -0.00584
      },
      "b1": {
        "a1": -1.3915,
        "a2": 0.0107532,
        "a3": -1.83e-07,
        "a4": -4.498e-09,
        "a5": 93.28,
        "a6": -0.167885
      },
      "c_phi": {
        "a1": 0.21225,
        "a2": -0.00072306,
        "a3": 0,
        "a4": -1.14e-10,
        "a5": 4.35,
        "a6": -0.001855
      },
      "ref": "Liu et al., 2024"
    },
    "Pb+2,Cl-": {
      "T_range": [
        -90,
        25
      ],
      "b0": {
        "a1": 0.26018,
        "a2": 0,
        "a3": 0,
        "a4": 0,
        "a5": 0,
        "a6": 0
      },
      "b1": {
        "a1": 1.6425,
        "a2": 0,
        "a3": 0,
        "a4": 0,
        "a5": 0,
        "a6": 0
      },